{"options":{"check_for_updates":true,"comment":null,"compatopts_for_requires":true,"compat_wrappedjsobject":false,"compat_metadata":false,"compat_foreach":false,"compat_powerful_this":null,"sandbox":null,"noframes":null,"unwrap":null,"run_at":null,"tab_types":null,"override":{"use_includes":[],"orig_includes":["https://www.google.tld/","https://www.google.tld/?*","https://www.google.tld/webhp*","https://www.google.tld/search?*","/^https:\\/\\/www\\.google\\.co\\.[^.]+\\/$/","/^https:\\/\\/www\\.google\\.co\\.[^.]+\\/\\?.*/","/^https:\\/\\/www\\.google\\.co\\.[^.]+\\/webhp.*/","/^https:\\/\\/www\\.google\\.co\\.[^.]+\\/search\\?.*/"],"merge_includes":true,"use_matches":[],"orig_matches":[],"merge_matches":true,"use_excludes":[],"orig_excludes":[],"merge_excludes":true,"use_connects":[],"orig_connects":[],"merge_connects":true,"use_blockers":[],"orig_run_at":"document-start","orig_noframes":null}},"settings":{"enabled":true,"position":20},"meta":{"name":"No Google Doodle","uuid":"20a8f83c-96bf-4078-9504-ecb333070ab0","modified":1667934608256,"file_url":"https://greasyfork.org/scripts/425053-no-google-doodle/code/No%20Google%20Doodle.user.js"}}