{"options":{"check_for_updates":true,"comment":null,"compatopts_for_requires":true,"compat_wrappedjsobject":false,"compat_metadata":false,"compat_foreach":false,"compat_powerful_this":null,"sandbox":null,"noframes":null,"unwrap":null,"run_at":null,"tab_types":null,"override":{"use_includes":[],"orig_includes":[],"merge_includes":true,"use_matches":[],"orig_matches":["https://*.youtube.com/*"],"merge_matches":true,"use_excludes":[],"orig_excludes":[],"merge_excludes":true,"use_connects":[],"orig_connects":[],"merge_connects":true,"use_blockers":[],"orig_run_at":"document-idle","orig_noframes":null}},"settings":{"enabled":false,"position":10},"meta":{"name":"YouTube Hide Chat by Default","uuid":"c3d6bbec-c8ae-4031-884a-6321b2b45382","modified":1660251364554,"file_url":"https://greasyfork.org/scripts/392034-youtube-hide-chat-by-default/code/YouTube%20Hide%20Chat%20by%20Default.user.js"}}