{"options":{"check_for_updates":false,"comment":null,"compatopts_for_requires":true,"compat_wrappedjsobject":false,"compat_metadata":false,"compat_foreach":false,"compat_powerful_this":null,"sandbox":null,"noframes":null,"unwrap":null,"run_at":null,"tab_types":null,"override":{"use_includes":[],"orig_includes":[],"merge_includes":true,"use_matches":[],"orig_matches":["*://*.com/*","*://*.co.uk/*","*://*.com.au/*","*://*.co/*","*://*.io/*","*://*.net/*","*://*.net.au/*","*://*.org/*","*://*.pub/*","*://*.businessinsider.com.pl/*","*://*.businesspost.ie/*","*://*.epoch.org.il/*","*://*.europower.no/*","*://*.fiskeribladet.no/*","*://*.haaretz.co.il/*","*://*.hindutamil.in/*","*://*.independent.ie/*","*://*.indiatoday.in/*","*://*.intrafish.no/*","*://*.ipolitics.ca/*","*://*.japantimes.co.jp/*","*://*.livelaw.in/*","*://*.nautil.us/*","*://*.niagarafallsreview.ca/*","*://*.nzherald.co.nz/*","*://*.puck.news/*","*://*.rp.pl/*","*://*.sloanreview.mit.edu/*","*://*.stcatharinesstandard.ca/*","*://*.uxdesign.cc/*","*://*.wellandtribune.ca/*"],"merge_matches":true,"use_excludes":[],"orig_excludes":["*://*.aliexpress.com/*","*://*.amazon.co.jp/*","*://*.amazon.com/*","*://*.apple.com/*","*://*.artsenkrant.com/*","*://*.bbc.com/*","*://*.bing.com/*","*://*.cambiocolombia.com/*","*://*.canva.com/*","*://*.clarin.com/*","*://*.cnn.com/*","*://*.connaissancedesarts.com/*","*://*.diariocordoba.com/*","*://*.diariovasco.com/*","*://*.diepresse.com/*","*://*.duckduckgo.com/*","*://*.ebay.com/*","*://*.elconfidencial.com/*","*://*.elcorreo.com/*","*://*.elespanol.com/*","*://*.elespectador.com/*","*://*.elmercurio.com/*","*://*.elpais.com/*","*://*.elperiodico.com/*","*://*.elperiodicodearagon.com/*","*://*.elperiodicoextremadura.com/*","*://*.elperiodicomediterraneo.com/*","*://*.eltiempo.com/*","*://*.eltribuno.com/*","*://*.espn.com/*","*://*.expansion.com/*","*://*.facebook.com/*","*://*.faz.net/*","*://*.globo.com/*","*://*.google.com/*","*://*.imdb.com/*","*://*.instagram.com/*","*://*.journaldunet.com/*","*://*.la-croix.com/*","*://*.larioja.com/*","*://*.lasegunda.com/*","*://*.latercera.com/*","*://*.lavenir.net/*","*://*.ledevoir.com/*","*://*.lesinrocks.com/*","*://*.levante-emv.com/*","*://*.linkedin.com/*","*://*.live.com/*","*://*.loeildelaphotographie.com/*","*://*.marca.com/*","*://*.marianne.net/*","*://*.microsoft.com/*","*://*.microsoftonline.com/*","*://*.naver.com/*","*://*.netflix.com/*","*://*.newyorktimes.com/*","*://*.office.com/*","*://*.onlyfans.com/*","*://*.openai.com/*","*://*.parismatch.com/*","*://*.paypal.com/*","*://*.pinterest.com/*","*://*.politicaexterior.com/*","*://*.pornhub.com/*","*://*.quora.com/*","*://*.quotidiano.net/*","*://*.reddit.com/*","*://*.revistaoeste.com/*","*://*.science-et-vie.com/*","*://*.spotify.com/*","*://*.tiktok.com/*","*://*.topagrar.com/*","*://*.tt.com/*","*://*.tuttosport.com/*","*://*.twitch.tv/*","*://*.twitter.com/*","*://*.uol.com.br/*","*://*.vk.com/*","*://*.weather.com/*","*://*.whatsapp.com/*","*://*.wikipedia.org/*","*://*.wochenblatt.com/*","*://*.xhamster.com/*","*://*.xnxx.com/*","*://*.xvideos.com/*","*://*.yahoo.co.jp/*","*://*.yahoo.com/*","*://*.yandex.ru/*","*://*.youtube.com/*","*://*.zoom.us/*"],"merge_excludes":true,"use_connects":[],"orig_connects":["archive.fo","archive.is","archive.li","archive.md","archive.ph","archive.vn","archive.fo","webcache.googleusercontent.com"],"merge_connects":true,"use_blockers":[],"orig_run_at":"document-idle","orig_noframes":null}},"settings":{"enabled":true,"position":33},"meta":{"name":"Bypass Paywalls Clean - en","uuid":"fdedc302-6979-4604-84e9-647a185736de","modified":1704793328606,"file_url":"https://gitlab.com/magnolia1234/bypass-paywalls-clean-filters/-/raw/main/userscript/bpc.en.user.js"}}