{"options":{"check_for_updates":true,"comment":null,"compatopts_for_requires":true,"compat_wrappedjsobject":false,"compat_metadata":false,"compat_foreach":false,"compat_powerful_this":null,"sandbox":null,"noframes":null,"unwrap":null,"run_at":null,"tab_types":null,"override":{"use_includes":[],"orig_includes":["https://twitter.com/*","https://mobile.twitter.com/*"],"merge_includes":true,"use_matches":[],"orig_matches":[],"merge_matches":true,"use_excludes":[],"orig_excludes":[],"merge_excludes":true,"use_connects":[],"orig_connects":[],"merge_connects":true,"use_blockers":[],"orig_run_at":"document-idle","orig_noframes":null}},"settings":{"enabled":true,"position":13},"meta":{"name":"Twitter: Download Video","uuid":"b40a9607-91ad-4756-bba4-74f07ddd1fa2","modified":1661600076567,"file_url":"https://greasyfork.org/scripts/404515-twitter-download-video/code/Twitter:%20Download%20Video.user.js"}}