{"options":{"check_for_updates":false,"comment":null,"compatopts_for_requires":true,"compat_wrappedjsobject":false,"compat_metadata":false,"compat_foreach":false,"compat_powerful_this":null,"sandbox":null,"noframes":null,"unwrap":null,"run_at":null,"tab_types":null,"override":{"use_includes":[],"orig_includes":[],"merge_includes":true,"use_matches":[],"orig_matches":["*://www.reddit.com/*","*://i.reddit.com/*"],"merge_matches":true,"use_excludes":[],"orig_excludes":["*://www.reddit.com/poll/*","*://www.reddit.com/gallery/*"],"merge_excludes":true,"use_connects":[],"orig_connects":[],"merge_connects":true,"use_blockers":[],"orig_run_at":"document-start","orig_noframes":null}},"settings":{"enabled":false,"position":1},"meta":{"name":"Bring Back Old Reddit","uuid":"56087cb4-7e3f-466f-bd92-e505ff8db877","modified":1657824095041,"file_url":"https://greasyfork.org/scripts/44669-bring-back-old-reddit/code/Bring%20Back%20Old%20Reddit.user.js"}}