{"options":{"check_for_updates":true,"comment":null,"compatopts_for_requires":true,"compat_wrappedjsobject":false,"compat_metadata":false,"compat_foreach":false,"compat_powerful_this":null,"sandbox":null,"noframes":null,"unwrap":null,"run_at":null,"tab_types":null,"override":{"use_includes":[],"orig_includes":["*://4pda.tld/*","*://www.google.tld/*","*://lrepacks.tld/*","*://mysku.tld/*","*://rutracker.tld/*","/^https?://([^./]+\\.)*yandex(\\.com)?\\.[^./]+/search//"],"merge_includes":true,"use_matches":[],"orig_matches":["*://forum.adguard.com/*","*://*.bolshoyvopros.ru/*","*://*.car.ru/*","*://*.danieldefo.ru/*","*://*.deviantart.com/*","*://*.disq.us/*","*://*.disqus.com/*","*://electrotransport.ru/*","*://*.facebook.com/*","*://*.ferra.ru/*","*://*.fishki.net/*","*://*.forumavia.ru/*","*://github.com/*","*://*.github.io/*","*://news.google.com/*","*://*.instagram.com/*","*://*.ixbt.com/*","*://*.joyreactor.cc/*","*://*.reactor.cc/*","*://*.joyreactor.com/*","*://*.kickasstorrents.pw/*","*://*.kickassto.co/*","*://*.linkedin.com/*","*://*.liveinternet.ru/*","*://my.mail.ru/*","*://otvet.mail.ru/*","*://mcpedl.com/*","*://*.messenger.com/*","*://addons.mozilla.org/*","*://*.ok.ru/*","*://*.oszone.net/*","*://overclockers.ru/*","*://*.picarto.tv/*","*://*.pixiv.net/*","*://*.playground.ru/*","*://*.rambler.ru/*","*://*.repack.me/*","*://*.rsload.net/*","*://*.rubattle.net/*","*://*.slack.com/*","*://*.soundcloud.com/*","*://*.steampowered.com/*","*://*.steamcommunity.com/*","*://*.subscribestar.com/*","*://*.taker.im/*","*://*.t.me/*","*://*.topwar.ru/*","*://*.tumblr.com/*","*://*.twitter.com/*","*://*.upwork.com/*","*://*.usbdev.ru/*","*://*.vk.com/*","*://wikimapia.org/*","*://*.yaplakal.com/*","*://*.youtube.com/*","*://*.zoon.ru/*"],"merge_matches":true,"use_excludes":[],"orig_excludes":[],"merge_excludes":true,"use_connects":[],"orig_connects":[],"merge_connects":true,"use_blockers":[],"orig_run_at":"document-start","orig_noframes":null}},"settings":{"enabled":true,"position":31},"meta":{"name":"Direct links out","uuid":"5e33a5bd-66a9-4699-90cf-21aefeb5f01a","modified":1686734952173,"file_url":"https://raw.githubusercontent.com/XX-J/Direct-links-out/master/Direct%20links%20out.user.js"}}