{"options":{"check_for_updates":true,"comment":null,"compatopts_for_requires":true,"compat_wrappedjsobject":false,"compat_metadata":false,"compat_foreach":false,"compat_powerful_this":null,"sandbox":null,"noframes":null,"unwrap":null,"run_at":null,"tab_types":null,"override":{"use_includes":[],"orig_includes":[],"merge_includes":true,"use_matches":[],"orig_matches":["http://youtube.com/*","https://youtube.com/*","http://www.youtube.com/*","https://www.youtube.com/*"],"merge_matches":true,"use_excludes":[],"orig_excludes":[],"merge_excludes":true,"use_connects":[],"orig_connects":[],"merge_connects":true,"use_blockers":[],"orig_run_at":"document-start","orig_noframes":null}},"settings":{"enabled":false,"position":5},"meta":{"name":"Youtube H.264","uuid":"a1fa9df7-cf9a-4d70-bbab-43e1c2ec8a5e","modified":1657824760731,"file_url":"https://greasyfork.org/scripts/8128-youtube-h-264/code/Youtube%20H264.user.js"}}