{"options":{"check_for_updates":true,"comment":null,"compatopts_for_requires":true,"compat_wrappedjsobject":false,"compat_metadata":false,"compat_foreach":false,"compat_powerful_this":null,"sandbox":null,"noframes":null,"unwrap":null,"run_at":null,"tab_types":null,"override":{"use_includes":[],"orig_includes":[],"merge_includes":true,"use_matches":[],"orig_matches":["*://www.reddit.com/*","*://i.reddit.com/*"],"merge_matches":true,"use_excludes":[],"orig_excludes":["*://www.reddit.com/poll/*","*://www.reddit.com/gallery/*"],"merge_excludes":true,"use_connects":[],"orig_connects":[],"merge_connects":true,"use_blockers":[],"orig_run_at":"document-start","orig_noframes":null},"user_modified":null},"settings":{"enabled":false,"position":21},"meta":{"name":"Bring Back Fast Reddit","uuid":"6840b18c-6e6a-44ea-9a2e-f522a3fb6385","modified":1682009017680}}