{"options":{"check_for_updates":false,"comment":null,"compatopts_for_requires":true,"compat_wrappedjsobject":false,"compat_metadata":false,"compat_foreach":false,"compat_powerful_this":null,"sandbox":null,"noframes":null,"unwrap":null,"run_at":null,"tab_types":null,"override":{"use_includes":[],"orig_includes":[],"merge_includes":true,"use_matches":[],"orig_matches":["*://www.reddit.com/*","*://i.reddit.com/*"],"merge_matches":true,"use_excludes":[],"orig_excludes":["*://www.reddit.com/poll/*","*://www.reddit.com/gallery/*"],"merge_excludes":true,"use_connects":[],"orig_connects":[],"merge_connects":true,"use_blockers":[],"orig_run_at":"document-start","orig_noframes":null},"user_modified":null},"settings":{"enabled":false,"position":23},"meta":{"name":"Bring Back SH Reddit","uuid":"3906f821-2582-4b75-8f27-9fbe453487d8","modified":1683718155846}}