{"options":{"check_for_updates":true,"comment":null,"compatopts_for_requires":true,"compat_wrappedjsobject":false,"compat_metadata":false,"compat_foreach":false,"compat_powerful_this":null,"sandbox":null,"noframes":null,"unwrap":null,"run_at":null,"tab_types":null,"override":{"use_includes":[],"orig_includes":[],"merge_includes":true,"use_matches":[],"orig_matches":["https://*.reddit.com/*"],"merge_matches":true,"use_excludes":[],"orig_excludes":[],"merge_excludes":true,"use_connects":[],"orig_connects":[],"merge_connects":true,"use_blockers":[],"orig_run_at":"document-idle","orig_noframes":null},"user_modified":null},"settings":{"enabled":true,"position":15},"meta":{"name":"Reddit Comment Expander","uuid":"f9072c20-a2f7-4a9c-bca8-2baf2bd3d66b","modified":1669665226444,"file_url":"https://greasyfork.org/scripts/426637-reddit-comment-expander/code/Reddit%20Comment%20Expander.user.js"}}