{"options":{"check_for_updates":true,"comment":null,"compatopts_for_requires":true,"compat_wrappedjsobject":false,"compat_metadata":false,"compat_foreach":false,"compat_powerful_this":null,"sandbox":null,"noframes":null,"unwrap":null,"run_at":null,"tab_types":null,"override":{"use_includes":[],"orig_includes":[],"merge_includes":true,"use_matches":[],"orig_matches":["*://*.twitch.tv/*"],"merge_matches":true,"use_excludes":[],"orig_excludes":[],"merge_excludes":true,"use_connects":[],"orig_connects":[],"merge_connects":true,"use_blockers":[],"orig_run_at":"document-start","orig_noframes":null},"user_modified":null},"settings":{"enabled":false,"position":28},"meta":{"name":"TwitchAdSolutions (video-swap-new)","uuid":"57e91ce0-c6da-420b-a1d8-fe91af7bdc47","modified":1709017253683,"file_url":"https://github.com/pixeltris/TwitchAdSolutions/raw/master/video-swap-new/video-swap-new.user.js"}}