{"options":{"check_for_updates":true,"comment":null,"compatopts_for_requires":true,"compat_wrappedjsobject":false,"compat_metadata":false,"compat_foreach":false,"compat_powerful_this":null,"sandbox":null,"noframes":null,"unwrap":null,"run_at":null,"tab_types":null,"override":{"use_includes":[],"orig_includes":[],"merge_includes":true,"use_matches":[],"orig_matches":["https://twitter.com/*","https://X.com/*"],"merge_matches":true,"use_excludes":[],"orig_excludes":[],"merge_excludes":true,"use_connects":[],"orig_connects":[],"merge_connects":true,"use_blockers":[],"orig_run_at":"document-start","orig_noframes":null},"user_modified":null},"settings":{"enabled":false,"position":29},"meta":{"name":"X to Twitter","uuid":"a9fdf024-92d0-489f-9b87-97d852a2e6df","modified":1708812320798,"file_url":"https://update.greasyfork.org/scripts/471572/X%20to%20Twitter.user.js"}}