{"options":{"check_for_updates":true,"comment":null,"compatopts_for_requires":true,"compat_wrappedjsobject":false,"compat_metadata":false,"compat_foreach":false,"compat_powerful_this":null,"sandbox":null,"noframes":null,"unwrap":null,"run_at":null,"tab_types":null,"override":{"use_includes":[],"orig_includes":[],"merge_includes":true,"use_matches":[],"orig_matches":["https://www.youtube.com/live_chat*","https://www.youtube.com/live_chat_replay*"],"merge_matches":true,"use_excludes":[],"orig_excludes":[],"merge_excludes":true,"use_connects":[],"orig_connects":[],"merge_connects":true,"use_blockers":[],"orig_run_at":"document-end","orig_noframes":null}},"settings":{"enabled":false,"position":3},"meta":{"name":"Workaround For Youtube Chat Memory Leaks (obsoleted)","uuid":"ced46701-cb25-4de1-a203-4624d48d1f31","modified":1669410251668,"file_url":"https://greasyfork.org/scripts/422206-workaround-for-youtube-chat-memory-leaks/code/Workaround%20For%20Youtube%20Chat%20Memory%20Leaks.user.js"}}