{"options":{"check_for_updates":true,"comment":null,"compatopts_for_requires":true,"compat_wrappedjsobject":false,"compat_metadata":false,"compat_foreach":false,"compat_powerful_this":null,"sandbox":null,"noframes":null,"unwrap":true,"run_at":null,"tab_types":null,"override":{"use_includes":[],"orig_includes":[],"merge_includes":true,"use_matches":[],"orig_matches":["https://www.youtube.com/*"],"merge_matches":true,"use_excludes":[],"orig_excludes":["/^https?://\\S+\\.(txt|png|jpg|jpeg|gif|xml|svg|manifest|log|ini)[^\\/]*$/"],"merge_excludes":true,"use_connects":[],"orig_connects":[],"merge_connects":true,"use_blockers":[],"orig_run_at":"document-start","orig_noframes":null}},"settings":{"enabled":false,"position":20},"meta":{"name":"Disable YouTube AutoPause","uuid":"db93ebed-01c3-4882-be11-cc2bd079ceb7","modified":1681406194353,"file_url":"https://greasyfork.org/scripts/457219-disable-youtube-autopause/code/Disable%20YouTube%20AutoPause.user.js"}}