{"ts":1707585063333,"data":{"GM_SETTINGS":"o{\"Lang\": \"en\",\"disable_visibilitychange\": true,\"max_quality_start\": true,\"only_source_quality\": false,\"only_source_quality_type\": \"0\",\"only_source_quality_clip\": true,\"max_quality_menu_trigger\": true,\"max_quality_menu_trigger_prefer_1st\": \"best\",\"max_quality_menu_trigger_prefer_2nd\": \"720p\",\"max_quality_menu_trigger_delay\": 1000,\"max_quality_menu_trigger_clip\": true,\"max_quality_localstorage\": true,\"max_quality_localstorage_prefer_1st\": \"best\",\"set_volume_when_stream_starts\": false,\"target_start_volume\": 1,\"disable_javascript_timer\": false,\"disble_WebRTC\": false,\"disable_P2P\": false}"}}