{"options":{"check_for_updates":false,"comment":null,"compatopts_for_requires":true,"compat_wrappedjsobject":false,"compat_metadata":false,"compat_foreach":false,"compat_powerful_this":null,"sandbox":null,"noframes":null,"unwrap":null,"run_at":null,"tab_types":null,"override":{"use_includes":[],"orig_includes":[],"merge_includes":true,"use_matches":[],"orig_matches":["https://www.youtube.com/*"],"merge_matches":true,"use_excludes":[],"orig_excludes":[],"merge_excludes":true,"use_connects":[],"orig_connects":[],"merge_connects":true,"use_blockers":[],"orig_run_at":"document-idle","orig_noframes":null}},"settings":{"enabled":true,"position":8},"meta":{"name":"YouTube: Hide Channel Logo Annotation","uuid":"66e1ab60-3fcb-481d-a9db-ac55aa554345","modified":1660586539438,"file_url":"https://greasyfork.org/scripts/10431-youtube-hide-channel-logo-annotation/code/YouTube:%20Hide%20Channel%20Logo%20Annotation.user.js"}}