{"options":{"check_for_updates":true,"comment":null,"compatopts_for_requires":true,"compat_wrappedjsobject":false,"compat_metadata":false,"compat_foreach":false,"compat_powerful_this":null,"sandbox":null,"noframes":null,"unwrap":null,"run_at":null,"tab_types":null,"override":{"use_includes":[],"orig_includes":[],"merge_includes":true,"use_matches":[],"orig_matches":["*://twitter.com/*","*://mobile.twitter.com/*"],"merge_matches":true,"use_excludes":[],"orig_excludes":[],"merge_excludes":true,"use_connects":[],"orig_connects":[],"merge_connects":true,"use_blockers":[],"orig_run_at":"document-idle","orig_noframes":null}},"settings":{"enabled":true,"position":19},"meta":{"name":"Twitter: view more replies and remove useless sections","uuid":"570e0d47-a6cb-46ba-825b-f907787c8e6e","modified":1667937994511,"file_url":"https://greasyfork.org/scripts/429224-twitter-view-more-replies-and-remove-useless-sections/code/Twitter:%20view%20more%20replies%20and%20remove%20useless%20sections.user.js"}}