{"options":{"check_for_updates":true,"comment":null,"compatopts_for_requires":true,"compat_wrappedjsobject":false,"compat_metadata":false,"compat_foreach":false,"compat_powerful_this":null,"sandbox":null,"noframes":null,"unwrap":null,"run_at":null,"tab_types":null,"override":{"use_includes":[],"orig_includes":[],"merge_includes":true,"use_matches":[],"orig_matches":["*://www.youtube.com/*","*://yewtu.be/*"],"merge_matches":true,"use_excludes":[],"orig_excludes":["*://www.youtube.com/embed/*"],"merge_excludes":true,"use_connects":[],"orig_connects":[],"merge_connects":true,"use_blockers":[],"orig_run_at":"document-start","orig_noframes":null}},"settings":{"enabled":false,"position":41},"meta":{"name":"vid.puffyan.us","uuid":"b8222503-78e2-4ea6-a7dc-1a89bba08ca4","modified":1698073752980}}