{"options":{"check_for_updates":true,"comment":null,"compatopts_for_requires":true,"compat_wrappedjsobject":false,"compat_metadata":false,"compat_foreach":false,"compat_powerful_this":null,"sandbox":null,"noframes":null,"unwrap":null,"run_at":null,"tab_types":null,"override":{"use_includes":[],"orig_includes":[],"merge_includes":true,"use_matches":[],"orig_matches":["*://*.youtube.com/*"],"merge_matches":true,"use_excludes":[],"orig_excludes":["*://music.youtube.com/*","*://*.music.youtube.com/*"],"merge_excludes":true,"use_connects":[],"orig_connects":["youtube.com"],"merge_connects":true,"use_blockers":[],"orig_run_at":"document-end","orig_noframes":null}},"settings":{"enabled":true,"position":31},"meta":{"name":"Return YouTube Dislike","uuid":"86eb0e22-3d56-4e3b-bf38-45af7641dbc2","modified":1683792504173,"file_url":"https://github.com/Anarios/return-youtube-dislike/raw/main/Extensions/UserScript/Return%20Youtube%20Dislike.user.js"}}