{"options":{"check_for_updates":true,"comment":null,"compatopts_for_requires":true,"compat_wrappedjsobject":false,"compat_metadata":false,"compat_foreach":false,"compat_powerful_this":null,"sandbox":null,"noframes":null,"unwrap":null,"run_at":null,"tab_types":null,"override":{"use_includes":[],"orig_includes":[],"merge_includes":true,"use_matches":[],"orig_matches":["*://*.com/*","*://*.co.uk/*","*://*.com.au/*","*://*.co/*","*://*.io/*","*://*.net/*","*://*.net.au/*","*://*.org/*","*://*.pub/*","*://*.businessinsider.com.pl/*","*://*.businesspost.ie/*","*://*.epoch.org.il/*","*://*.europower.no/*","*://*.fiskeribladet.no/*","*://*.haaretz.co.il/*","*://*.hindutamil.in/*","*://*.independent.ie/*","*://*.indiatoday.in/*","*://*.intrafish.no/*","*://*.ipolitics.ca/*","*://*.japantimes.co.jp/*","*://*.livelaw.in/*","*://*.nautil.us/*","*://*.niagarafallsreview.ca/*","*://*.newsweek.pl/*","*://*.nzherald.co.nz/*","*://*.rp.pl/*","*://*.sloanreview.mit.edu/*","*://*.stcatharinesstandard.ca/*","*://*.uxdesign.cc/*","*://*.wellandtribune.ca/*"],"merge_matches":true,"use_excludes":[],"orig_excludes":["*://*.google.com/*","*://*.mediafire.com/*","*://*.youtube.com/*","*://*.argusdelassurance.com/*","*://*.artsenkrant.com/*","*://*.cambiocolombia.com/*","*://*.clarin.com/*","*://*.connaissancedesarts.com/*","*://*.diariocordoba.com/*","*://*.diariovasco.com/*","*://*.diepresse.com/*","*://*.elconfidencial.com/*","*://*.elcorreo.com/*","*://*.elespanol.com/*","*://*.elespectador.com/*","*://*.elmercurio.com/*","*://*.elpais.com/*","*://elpais.com/*","*://*.elperiodico.com/*","*://*.elperiodicodearagon.com/*","*://*.elperiodicoextremadura.com/*","*://*.elperiodicomediterraneo.com/*","*://*.eltiempo.com/*","*://*.eltribuno.com/*","*://*.exame.com/*","*://*.expansion.com/*","*://*.faz.net/*","*://*.globo.com/*","*://*.journaldunet.com/*","*://*.la-croix.com/*","*://*.larioja.com/*","*://*.lasegunda.com/*","*://*.latercera.com/*","*://*.lavenir.net/*","*://*.ledevoir.com/*","*://*.lesinrocks.com/*","*://*.levante-emv.com/*","*://*.loeildelaphotographie.com/*","*://*.marca.com/*","*://*.marianne.net/*","*://*.parismatch.com/*","*://*.politicaexterior.com/*","*://*.pourleco.com/*","*://*.projectcargojournal.com/*","*://*.quotidiano.net/*","*://*.railfreight.cn/*","*://*.railfreight.com/*","*://*.railtech.com/*","*://*.revistaoeste.com/*","*://*.science-et-vie.com/*","*://*.topagrar.com/*","*://*.tt.com/*","*://*.tuttosport.com/*","*://*.usinenouvelle.com/*","*://*.wochenblatt.com/*"],"merge_excludes":true,"use_connects":[],"orig_connects":["archive.fo","archive.is","archive.li","archive.md","archive.ph","archive.vn","archive.fo","webcache.googleusercontent.com"],"merge_connects":true,"use_blockers":[],"orig_run_at":"document-idle","orig_noframes":null}},"settings":{"enabled":true,"position":25},"meta":{"name":"Bypass Paywalls Clean - en","uuid":"fdedc302-6979-4604-84e9-647a185736de","modified":1711567271706,"file_url":"https://gitlab.com/magnolia1234/bypass-paywalls-clean-filters/-/raw/main/userscript/bpc.en.user.js"}}