{"options":{"check_for_updates":false,"comment":null,"compatopts_for_requires":true,"compat_wrappedjsobject":false,"compat_metadata":false,"compat_foreach":false,"compat_powerful_this":null,"sandbox":null,"noframes":null,"unwrap":null,"run_at":null,"tab_types":null,"override":{"use_includes":[],"orig_includes":[],"merge_includes":true,"use_matches":[],"orig_matches":["*://inv.nadeko.net/*","*://invidious.fdn.fr/*","*://invidious.flokinet.to/*","*://invidious.lunar.icu/*","*://yewtu.be/*"],"merge_matches":true,"use_excludes":[],"orig_excludes":[],"merge_excludes":true,"use_connects":[],"orig_connects":[],"merge_connects":true,"use_blockers":[],"orig_run_at":"document-start","orig_noframes":null}},"settings":{"enabled":false,"position":36},"meta":{"name":"piped.video","uuid":"04a1faba-55e4-43a0-98b3-f65a437babe7","modified":1712392881339}}