{"options":{"check_for_updates":true,"comment":null,"compatopts_for_requires":true,"compat_wrappedjsobject":false,"compat_metadata":false,"compat_foreach":false,"compat_powerful_this":null,"sandbox":null,"noframes":null,"unwrap":null,"run_at":null,"tab_types":null,"override":{"use_includes":[],"orig_includes":["*://*.twitch.tv/*"],"merge_includes":true,"use_matches":[],"orig_matches":[],"merge_matches":true,"use_excludes":[],"orig_excludes":[],"merge_excludes":true,"use_connects":[],"orig_connects":[],"merge_connects":true,"use_blockers":[],"orig_run_at":"document-start","orig_noframes":null}},"settings":{"enabled":true,"position":18},"meta":{"name":"Twitch-Auto-Max-Quality","uuid":"185a0fb2-5da1-45ce-8939-016f347340b5","modified":1662115398654,"file_url":"https://raw.githubusercontent.com/nomomo/Twitch-Auto-Max-Quality/master/Twitch-Auto-Max-Quality.user.js"}}