{"options":{"check_for_updates":true,"comment":null,"compatopts_for_requires":true,"compat_wrappedjsobject":false,"compat_metadata":false,"compat_foreach":false,"compat_powerful_this":null,"sandbox":null,"noframes":null,"unwrap":null,"run_at":null,"tab_types":null,"override":{"use_includes":[],"orig_includes":["/^https?:\\/\\/(www.)?youtube\\.com\\/.*$/"],"merge_includes":true,"use_matches":[],"orig_matches":[],"merge_matches":true,"use_excludes":[],"orig_excludes":["/^https?:\\/\\/(www.)?youtube\\.com\\/(embed|about|trends|kids|jobs|ads|yt|creators|creatorresearch|creators-for-change|nextup|space|csai-match|supported_browsers|howyoutubeworks|(t|intl)\\/[^\\/]+)\\/.*$/"],"merge_excludes":true,"use_connects":[],"orig_connects":[],"merge_connects":true,"use_blockers":[],"orig_run_at":"document-start","orig_noframes":true}},"settings":{"enabled":false,"position":5},"meta":{"name":"YouTube Prevent Playlist Autoplay","uuid":"0fa53d08-96c7-4e8e-aebc-302685d812e1","modified":1657824812995,"file_url":"https://greasyfork.org/scripts/415542-youtube-prevent-playlist-autoplay/code/YouTube%20Prevent%20Playlist%20Autoplay.user.js"}}