{"options":{"check_for_updates":true,"user_modified":null,"comment":null,"compatopts_for_requires":true,"compat_wrappedjsobject":false,"compat_metadata":false,"compat_foreach":false,"compat_powerful_this":null,"sandbox":null,"noframes":null,"unwrap":null,"run_at":null,"tab_types":null,"override":{"use_includes":[],"orig_includes":["http://*.twitch.tv/*","http://twitch.tv/*","https://*.twitch.tv/*","https://twitch.tv/*"],"merge_includes":true,"use_matches":[],"orig_matches":[],"merge_matches":true,"use_excludes":[],"orig_excludes":["http://api.twitch.tv/*","https://api.twitch.tv/*"],"merge_excludes":true,"use_connects":[],"orig_connects":[],"merge_connects":true,"use_blockers":[],"orig_run_at":"document-end","orig_noframes":null}},"settings":{"enabled":true,"position":37},"meta":{"name":"FrankerFaceZ","uuid":"333791f8-59a2-4736-ab1b-ab182e532414","modified":1756851510007,"file_url":"https://update.greasyfork.org/scripts/12262/FrankerFaceZ.user.js"}}