{"options":{"check_for_updates":true,"comment":null,"compatopts_for_requires":true,"compat_wrappedjsobject":false,"compat_metadata":false,"compat_foreach":false,"compat_powerful_this":null,"sandbox":null,"noframes":null,"unwrap":null,"run_at":null,"tab_types":null,"override":{"use_includes":[],"orig_includes":[],"merge_includes":true,"use_matches":[],"orig_matches":["https://www.youtube.com/live_chat*","https://www.youtube.com/live_chat_replay*"],"merge_matches":true,"use_excludes":[],"orig_excludes":[],"merge_excludes":true,"use_connects":[],"orig_connects":[],"merge_connects":true,"use_blockers":[],"orig_run_at":"document-end","orig_noframes":null},"user_modified":null},"settings":{"enabled":false,"position":19},"meta":{"name":"Workaround For Youtube Chat Memory Leaks","uuid":"b8ade730-f312-427e-b3aa-9c9f703e5fc8","modified":1673466021963}}