{"options":{"check_for_updates":false,"comment":null,"compat_foreach":false,"compat_metadata":false,"compat_powerful_this":null,"compat_wrappedjsobject":false,"compatopts_for_requires":true,"noframes":null,"override":{"merge_connects":true,"merge_excludes":true,"merge_includes":true,"merge_matches":true,"orig_connects":[],"orig_excludes":["*://www.reddit.com/poll/*","*://www.reddit.com/gallery/*"],"orig_includes":[],"orig_matches":["*://www.reddit.com/*","*://i.reddit.com/*"],"orig_noframes":null,"orig_run_at":"document-start","use_blockers":[],"use_connects":[],"use_excludes":[],"use_includes":[],"use_matches":[]},"run_at":null,"sandbox":null,"tab_types":null,"unwrap":null},"settings":{"enabled":false,"position":1},"meta":{"name":"Bring Back Old Reddit","uuid":"56087cb4-7e3f-466f-bd92-e505ff8db877","modified":1657824095041,"file_url":"https://greasyfork.org/scripts/44669-bring-back-old-reddit/code/Bring%20Back%20Old%20Reddit.user.js"}}