{"options":{"check_for_updates":true,"comment":null,"compat_foreach":false,"compat_metadata":false,"compat_powerful_this":null,"compat_wrappedjsobject":false,"compatopts_for_requires":true,"noframes":null,"override":{"merge_connects":true,"merge_excludes":true,"merge_includes":true,"merge_matches":true,"orig_connects":[],"orig_excludes":[],"orig_includes":["https://www.google.tld/","https://www.google.tld/?*","https://www.google.tld/webhp*","https://www.google.tld/search?*","/^https:\\/\\/www\\.google\\.co\\.[^.]+\\/$/","/^https:\\/\\/www\\.google\\.co\\.[^.]+\\/\\?.*/","/^https:\\/\\/www\\.google\\.co\\.[^.]+\\/webhp.*/","/^https:\\/\\/www\\.google\\.co\\.[^.]+\\/search\\?.*/"],"orig_matches":[],"orig_noframes":null,"orig_run_at":"document-start","use_blockers":[],"use_connects":[],"use_excludes":[],"use_includes":[],"use_matches":[]},"run_at":null,"sandbox":null,"tab_types":null,"unwrap":null},"settings":{"enabled":true,"position":20},"meta":{"name":"No Google Doodle","uuid":"20a8f83c-96bf-4078-9504-ecb333070ab0","modified":1667934608256,"file_url":"https://greasyfork.org/scripts/425053-no-google-doodle/code/No%20Google%20Doodle.user.js"}}