{"options":{"check_for_updates":true,"comment":null,"compat_foreach":false,"compat_metadata":false,"compat_powerful_this":null,"compat_wrappedjsobject":false,"compatopts_for_requires":true,"noframes":null,"override":{"merge_connects":true,"merge_excludes":true,"merge_includes":true,"merge_matches":true,"orig_connects":[],"orig_excludes":[],"orig_includes":[],"orig_matches":["https://*.reddit.com/*"],"orig_noframes":null,"orig_run_at":"document-idle","use_blockers":[],"use_connects":[],"use_excludes":[],"use_includes":[],"use_matches":[]},"run_at":null,"sandbox":null,"tab_types":null,"unwrap":null},"settings":{"enabled":false,"position":22},"meta":{"name":"Reddit Comment Expander","uuid":"f9072c20-a2f7-4a9c-bca8-2baf2bd3d66b","modified":1669665226444,"file_url":"https://greasyfork.org/scripts/426637-reddit-comment-expander/code/Reddit%20Comment%20Expander.user.js"}}