{"options":{"check_for_updates":true,"comment":null,"compat_foreach":false,"compat_metadata":false,"compat_powerful_this":null,"compat_wrappedjsobject":false,"compatopts_for_requires":true,"noframes":null,"override":{"merge_connects":true,"merge_excludes":true,"merge_includes":true,"merge_matches":true,"orig_connects":[],"orig_excludes":[],"orig_includes":[],"orig_matches":["*://twitter.com/*","*://mobile.twitter.com/*"],"orig_noframes":null,"orig_run_at":"document-idle","use_blockers":[],"use_connects":[],"use_excludes":[],"use_includes":[],"use_matches":[]},"run_at":null,"sandbox":null,"tab_types":null,"unwrap":null},"settings":{"enabled":false,"position":21},"meta":{"name":"Twitter: view more replies and remove useless sections","uuid":"570e0d47-a6cb-46ba-825b-f907787c8e6e","modified":1667937994511,"file_url":"https://greasyfork.org/scripts/429224-twitter-view-more-replies-and-remove-useless-sections/code/Twitter:%20view%20more%20replies%20and%20remove%20useless%20sections.user.js"}}