{"options":{"check_for_updates":true,"comment":null,"compat_foreach":false,"compat_metadata":false,"compat_powerful_this":null,"compat_wrappedjsobject":false,"compatopts_for_requires":true,"noframes":null,"override":{"merge_connects":true,"merge_excludes":true,"merge_includes":true,"merge_matches":true,"orig_connects":[],"orig_excludes":[],"orig_includes":["*://*.twitch.tv/*"],"orig_matches":[],"orig_noframes":null,"orig_run_at":"document-start","use_blockers":[],"use_connects":[],"use_excludes":[],"use_includes":[],"use_matches":[]},"run_at":null,"sandbox":null,"tab_types":null,"unwrap":null},"settings":{"enabled":true,"position":18},"meta":{"name":"Twitch-Auto-Max-Quality","uuid":"185a0fb2-5da1-45ce-8939-016f347340b5","modified":1662115398654,"file_url":"https://raw.githubusercontent.com/nomomo/Twitch-Auto-Max-Quality/master/Twitch-Auto-Max-Quality.user.js"}}