{"options":{"check_for_updates":true,"comment":null,"compat_foreach":false,"compat_metadata":false,"compat_powerful_this":null,"compat_wrappedjsobject":false,"compatopts_for_requires":true,"noframes":null,"override":{"merge_connects":true,"merge_excludes":true,"merge_includes":true,"merge_matches":true,"orig_connects":[],"orig_excludes":[],"orig_includes":[],"orig_matches":["https://www.twitch.tv/*"],"orig_noframes":null,"orig_run_at":"document-start","use_blockers":[],"use_connects":[],"use_excludes":[],"use_includes":[],"use_matches":[]},"run_at":null,"sandbox":null,"tab_types":null,"unwrap":null},"settings":{"enabled":true,"position":17},"meta":{"name":"Twitch BetterTTV without extension","uuid":"f49d79e5-3572-4d28-97e2-1d62d7ef1dc7","modified":1662115363633,"file_url":"https://greasyfork.org/scripts/36033-twitch-betterttv-without-extension/code/Twitch%20BetterTTV%20without%20extension.user.js"}}