{"options":{"check_for_updates":true,"comment":null,"compat_foreach":false,"compat_metadata":false,"compat_powerful_this":null,"compat_wrappedjsobject":false,"compatopts_for_requires":true,"noframes":null,"override":{"merge_connects":true,"merge_excludes":true,"merge_includes":true,"merge_matches":true,"orig_connects":[],"orig_excludes":["/^https?:\\/\\/(www.)?youtube\\.com\\/(embed|about|trends|kids|jobs|ads|yt|creators|creatorresearch|creators-for-change|nextup|space|csai-match|supported_browsers|howyoutubeworks|(t|intl)\\/[^\\/]+)\\/.*$/"],"orig_includes":["/^https?:\\/\\/(www.)?youtube\\.com\\/.*$/"],"orig_matches":[],"orig_noframes":true,"orig_run_at":"document-start","use_blockers":[],"use_connects":[],"use_excludes":[],"use_includes":[],"use_matches":[]},"run_at":null,"sandbox":null,"tab_types":null,"unwrap":null},"settings":{"enabled":false,"position":6},"meta":{"name":"YouTube Prevent Playlist Autoplay","uuid":"0fa53d08-96c7-4e8e-aebc-302685d812e1","modified":1657824812995,"file_url":"https://greasyfork.org/scripts/415542-youtube-prevent-playlist-autoplay/code/YouTube%20Prevent%20Playlist%20Autoplay.user.js"}}