{"options":{"check_for_updates":false,"comment":null,"compatopts_for_requires":true,"compat_wrappedjsobject":false,"compat_metadata":false,"compat_foreach":false,"compat_powerful_this":null,"sandbox":null,"noframes":null,"unwrap":null,"run_at":null,"tab_types":null,"override":{"merge_connects":true,"merge_excludes":true,"merge_includes":true,"merge_matches":true,"orig_connects":[],"orig_excludes":[],"orig_includes":[],"orig_matches":["https://*.youtube.com/*"],"orig_noframes":null,"orig_run_at":"document-idle","use_blockers":[],"use_connects":[],"use_excludes":[],"use_includes":[],"use_matches":[]}},"settings":{"enabled":false,"position":10},"meta":{"name":"YouTube Hide Chat by Default","uuid":"c3d6bbec-c8ae-4031-884a-6321b2b45382","modified":1676496153681,"file_url":"https://greasyfork.org/scripts/392034-youtube-hide-chat-by-default/code/YouTube%20Hide%20Chat%20by%20Default.user.js"}}