{"options":{"check_for_updates":false,"comment":null,"compat_foreach":false,"compat_metadata":false,"compat_powerful_this":null,"compat_wrappedjsobject":false,"compatopts_for_requires":true,"noframes":null,"override":{"merge_connects":true,"merge_excludes":true,"merge_includes":true,"merge_matches":true,"orig_connects":[],"orig_excludes":[],"orig_includes":[],"orig_matches":["https://www.youtube.com/*"],"orig_noframes":null,"orig_run_at":"document-idle","use_blockers":[],"use_connects":[],"use_excludes":[],"use_includes":[],"use_matches":[]},"run_at":null,"sandbox":null,"tab_types":null,"unwrap":null},"settings":{"enabled":false,"position":7},"meta":{"name":"YouTube: Hide Channel Logo Annotation","uuid":"66e1ab60-3fcb-481d-a9db-ac55aa554345","modified":1660586539438,"file_url":"https://greasyfork.org/scripts/10431-youtube-hide-channel-logo-annotation/code/YouTube:%20Hide%20Channel%20Logo%20Annotation.user.js"}}