{"options":{"check_for_updates":true,"comment":null,"compat_foreach":false,"compat_metadata":false,"compat_powerful_this":null,"compat_wrappedjsobject":false,"compatopts_for_requires":true,"noframes":null,"override":{"merge_connects":true,"merge_excludes":true,"merge_includes":true,"merge_matches":true,"orig_connects":[],"orig_excludes":[],"orig_includes":[],"orig_matches":["http://youtube.com/*","https://youtube.com/*","http://www.youtube.com/*","https://www.youtube.com/*"],"orig_noframes":null,"orig_run_at":"document-start","use_blockers":[],"use_connects":[],"use_excludes":[],"use_includes":[],"use_matches":[]},"run_at":null,"sandbox":null,"tab_types":null,"unwrap":null},"settings":{"enabled":false,"position":5},"meta":{"name":"Youtube H.264","uuid":"a1fa9df7-cf9a-4d70-bbab-43e1c2ec8a5e","modified":1657824760731,"file_url":"https://greasyfork.org/scripts/8128-youtube-h-264/code/Youtube%20H264.user.js"}}