{"options":{"check_for_updates":true,"comment":null,"compatopts_for_requires":true,"compat_wrappedjsobject":false,"compat_metadata":false,"compat_foreach":false,"compat_powerful_this":null,"sandbox":null,"noframes":null,"unwrap":null,"run_at":null,"tab_types":null,"override":{"use_includes":[],"orig_includes":[],"merge_includes":true,"use_matches":[],"orig_matches":["*://*.com/*","*://*.co.uk/*","*://*.com.au/*","*://*.net/*","*://*.net.au/*","*://*.org/*","*://*.businesspost.ie/*","*://*.dn.no/*","*://*.europower-energi.no/*","*://*.fiskeribladet.no/*","*://*.hindutamil.in/*","*://*.independent.ie/*","*://*.indiatoday.in/*","*://*.intrafish.no/*","*://*.ipolitics.ca/*","*://*.japantimes.co.jp/*","*://*.jgnt.co/*","*://*.livelaw.in/*","*://*.nautil.us/*","*://*.niagarafallsreview.ca/*","*://*.nzherald.co.nz/*","*://*.sloanreview.mit.edu/*","*://*.stcatharinesstandard.ca/*","*://*.wellandtribune.ca/*"],"merge_matches":true,"use_excludes":[],"orig_excludes":[],"merge_excludes":true,"use_connects":[],"orig_connects":[],"merge_connects":true,"use_blockers":[],"orig_run_at":"document-idle","orig_noframes":null}},"settings":{"enabled":true,"position":34},"meta":{"name":"Bypass Paywalls Clean - en","uuid":"fdedc302-6979-4604-84e9-647a185736de","modified":1687902323658,"file_url":"https://gitlab.com/magnolia1234/bypass-paywalls-clean-filters/-/raw/main/userscript/bpc.en.user.js"}}