{"options":{"check_for_updates":true,"comment":null,"compatopts_for_requires":true,"compat_wrappedjsobject":false,"compat_metadata":false,"compat_foreach":false,"compat_powerful_this":null,"sandbox":null,"noframes":null,"unwrap":null,"run_at":null,"tab_types":null,"override":{"use_includes":[],"orig_includes":[],"merge_includes":true,"use_matches":[],"orig_matches":["https://www.twitch.tv/*"],"merge_matches":true,"use_excludes":[],"orig_excludes":[],"merge_excludes":true,"use_connects":[],"orig_connects":[],"merge_connects":true,"use_blockers":[],"orig_run_at":"document-start","orig_noframes":null}},"settings":{"enabled":false,"position":16},"meta":{"name":"Twitch BetterTTV without extension","uuid":"f49d79e5-3572-4d28-97e2-1d62d7ef1dc7","modified":1662115363633,"file_url":"https://greasyfork.org/scripts/36033-twitch-betterttv-without-extension/code/Twitch%20BetterTTV%20without%20extension.user.js"}}