{"options":{"check_for_updates":true,"user_modified":null,"comment":null,"compatopts_for_requires":true,"compat_wrappedjsobject":false,"compat_metadata":false,"compat_foreach":false,"compat_powerful_this":null,"sandbox":null,"noframes":null,"unwrap":null,"run_at":null,"tab_types":null,"override":{"use_includes":[],"orig_includes":[],"merge_includes":true,"use_matches":[],"orig_matches":["*://www.reddit.com/*","*://i.reddit.com/*"],"merge_matches":true,"use_excludes":[],"orig_excludes":["*://www.reddit.com/poll/*","*://www.reddit.com/gallery/*"],"merge_excludes":true,"use_connects":[],"orig_connects":[],"merge_connects":true,"use_blockers":[],"orig_run_at":"document-start","orig_noframes":null,"orig_run_in":[]},"run_in":null,"tags":[]},"settings":{"enabled":false,"position":29},"meta":{"name":"Bring Back Old Reddit","uuid":"bcc2484d-cf47-4bd7-a6aa-c302c8dcb450","modified":1758737112001}}