{"options":{"check_for_updates":false,"user_modified":1761132584391,"comment":null,"compatopts_for_requires":true,"compat_wrappedjsobject":false,"compat_metadata":false,"compat_foreach":false,"compat_powerful_this":null,"sandbox":null,"noframes":null,"unwrap":null,"run_at":null,"run_in":null,"tags":[],"override":{"use_includes":[],"orig_includes":[],"merge_includes":true,"use_matches":[],"orig_matches":["*://yewtu.be/*"],"merge_matches":true,"use_excludes":[],"orig_excludes":[],"merge_excludes":true,"use_connects":[],"orig_connects":[],"merge_connects":true,"use_blockers":[],"orig_run_at":"document-start","orig_noframes":null,"orig_run_in":[],"orig_tags":[]}},"settings":{"enabled":false,"position":22},"meta":{"name":"inv.nadeko.net","uuid":"7ea63e34-bfd0-42d4-9181-4aefa7a76509","modified":1761132584388}}