{"options":{"check_for_updates":true,"user_modified":1761132767832,"comment":null,"compatopts_for_requires":true,"compat_wrappedjsobject":false,"compat_metadata":false,"compat_foreach":false,"compat_powerful_this":null,"sandbox":null,"noframes":null,"unwrap":null,"run_at":null,"run_in":null,"tags":[],"override":{"use_includes":[],"orig_includes":[],"merge_includes":true,"use_matches":[],"orig_matches":["*://imgur.com/*"],"merge_matches":true,"use_excludes":[],"orig_excludes":[],"merge_excludes":true,"use_connects":[],"orig_connects":[],"merge_connects":true,"use_blockers":[],"orig_run_at":"document-start","orig_noframes":null,"orig_run_in":[],"orig_tags":[]}},"settings":{"enabled":false,"position":16},"meta":{"name":"Mobile Imgur","uuid":"03f6ec74-ac1f-4446-8286-4b5520c3e0bc","modified":1761132767829}}