{"options":{"check_for_updates":true,"user_modified":1761132422385,"comment":null,"compatopts_for_requires":true,"compat_wrappedjsobject":false,"compat_metadata":false,"compat_foreach":false,"compat_powerful_this":null,"sandbox":null,"noframes":null,"unwrap":null,"run_at":null,"run_in":null,"tags":[],"override":{"use_includes":[],"orig_includes":[],"merge_includes":true,"use_matches":[],"orig_matches":["*://www.youtube.com/*"],"merge_matches":true,"use_excludes":[],"orig_excludes":[],"merge_excludes":true,"use_connects":[],"orig_connects":[],"merge_connects":true,"use_blockers":[],"orig_run_at":"document-start","orig_noframes":null,"orig_run_in":[],"orig_tags":[]}},"settings":{"enabled":false,"position":28},"meta":{"name":"yewtu.be","uuid":"84036659-6b82-4098-8e36-25c6d756d376","modified":1761132422383}}